text,created_at,name
"‡¥®‡¥®‡µç‡¥¶‡µª ‡¥ï‡¥ü‡µÅ‡¥§‡µç‡¥§ ‡¥§‡µÄ‡¥∞‡µÅ‡¥Æ‡¥æ‡¥®‡¥Æ‡µÜ‡¥ü‡µÅ‡¥ï‡µç‡¥ï‡µÅ‡¥®‡µç‡¥®‡µÅ. ‡¥®‡¥ø‡µº‡¥Æ‡¥≤‡¥Ø‡µç‡¥ï‡µç‡¥ï‡µç ‡¥Ö‡¥®‡µÅ‡¥Æ‡µã‡¥≥‡µÜ ‡¥®‡¥∑‡µç‡¥ü‡¥Æ‡¥æ‡¥ï‡µÅ‡¥Æ‡µã? ‡¥µ‡¥æ‡¥®‡¥Æ‡µç‡¥™‡¥æ‡¥ü‡¥ø - ‡¥á‡¥®‡µç‡¥®‡µç ‡¥∞‡¥æ‡¥§‡µç‡¥∞‡¥ø 7 ‡¥®‡µç ‡¥è‡¥∑‡µç‡¥Ø‡¥æ‡¥®‡µÜ‡¥±‡µç‡¥±‡¥ø‡µΩ.
Vanam‚Ä¶ https://t.co/2UOk9NcC9X",2018-11-07 11:30:23,Asianet
@hotstartweets could you please upload the DANCE +4 sunday episode. I am eagerly waiting for that. #hotstar #StarPlus,2018-11-07 11:11:39,sunil_Anumolu
"‡¥∏‡µÄ‡¥§‡¥æ ‡¥ï‡¥≤‡µç‡¥Ø‡¥æ‡¥£‡¥Ç - ‡¥á‡¥®‡µç‡¥®‡µç ‡¥∞‡¥æ‡¥§‡µç‡¥∞‡¥ø 9 ‡¥Æ‡¥£‡¥ø‡¥ï‡µç‡¥ï‡µç ‡¥è‡¥∑‡µç‡¥Ø‡¥æ‡¥®‡µÜ‡¥±‡µç‡¥±‡¥ø‡µΩ.
Seetha Kalyanam || Serial || Today at 9 PM || Asianet‚Ä¶ https://t.co/Iu8O6lO6FX",2018-11-07 10:30:16,Asianet
"‡¥∏‡¥Ç‡¥ò‡µº‡¥∑‡¥≠‡¥∞‡¥ø‡¥§ ‡¥®‡¥ø‡¥Æ‡¥ø‡¥∑‡¥ô‡µç‡¥ô‡¥≥‡µÅ‡¥Æ‡¥æ‡¥Ø‡¥ø ‡¥®‡µÄ‡¥≤‡¥ï‡µç‡¥ï‡µÅ‡¥Ø‡¥ø‡µΩ. ‡¥á‡¥®‡µç‡¥®‡µç ‡¥∞‡¥æ‡¥§‡µç‡¥∞‡¥ø 7:30 ‡¥®‡µç ‡¥è‡¥∑‡µç‡¥Ø‡¥æ‡¥®‡µÜ‡¥±‡µç‡¥±‡¥ø‡µΩ  
Neelakkuyil || Serial || Today at 7:30 PM‚Ä¶ https://t.co/ff7IQIw2MA",2018-11-07 09:30:20,Asianet
#hotstar I love you very muchüòçüòç,2018-11-07 08:18:31,Manasv
#hotstar I love u,2018-11-07 08:15:56,Manasv
"‡¥®‡µÄ‡¥§‡µÅ‡¥µ‡¥ø‡¥®‡µç‡¥±‡µÜ ‡¥ö‡¥§‡¥ø‡¥ï‡µæ‡¥ï‡µç‡¥ï‡µç ‡¥Æ‡¥±‡µÅ‡¥™‡¥ü‡¥ø ‡¥®‡µΩ‡¥ï‡¥æ‡µª ‡¥ï‡¥æ‡¥µ‡µç‡¥Ø‡¥Ø‡µÅ‡¥ü‡µÜ ‡¥§‡¥ø‡¥∞‡¥ø‡¥ö‡µç‡¥ö‡µÅ‡¥µ‡¥∞‡¥µ‡µç. ‡¥ï‡¥∏‡µç‡¥§‡µÇ‡¥∞‡¥ø‡¥Æ‡¥æ‡µª - ‡¥á‡¥®‡µç‡¥®‡µç ‡¥∞‡¥æ‡¥§‡µç‡¥∞‡¥ø 8:30 ‡¥®‡µç ‡¥è‡¥∑‡µç‡¥Ø‡¥æ‡¥®‡µÜ‡¥±‡µç‡¥±‡¥ø‡µΩ.
Kasthoori‚Ä¶ https://t.co/auOAP22nZs",2018-11-07 07:30:32,Asianet
"‡¥®‡¥Ø‡¥®‡¥Ø‡µç‡¥ï‡µç‡¥ï‡µç ‡¥µ‡¥ø‡¥§‡µÅ‡¥∞‡¥∏‡µÅ‡¥∞‡¥Ø‡µÅ‡¥ü‡µÜ ‡¥≠‡µÄ‡¥∑‡¥£‡¥ø. ‡¥≠‡¥æ‡¥∞‡µç‡¥Ø - ‡¥á‡¥®‡µç‡¥®‡µç ‡¥µ‡µà‡¥ï‡µÅ‡¥®‡µç‡¥®‡µá‡¥∞‡¥Ç 6:30 ‡¥®‡µç ‡¥è‡¥∑‡µç‡¥Ø‡¥æ‡¥®‡µÜ‡¥±‡µç‡¥±‡¥ø‡µΩ  
Bharya || Serial || Today at 6:30 PM‚Ä¶ https://t.co/wulMqmLcF7",2018-11-07 06:30:16,Asianet
"RT @s_adhiti: Wishing All A Very Happy #ChotiDiwali üíñüí´‚ú®‚ö° 
 
#‡§õ‡•ã‡§ü‡•Ä‡§¶‡§ø‡§µ‡§æ‡§≤‡•Ä üí• #Diwali

#Sarun #ipkknd #Arhi
#BarunSobti #SanayaIrani #IssPyaarK‚Ä¶",2018-11-07 06:11:53,Arshi SarunHamesha
RT @athulyaslaves: @AthulyaOfficial Advance Happy Diwali #athulyafans #athulyaslaves #athulya #athulyaravi #hotstar #hotstarathulya #hot #h‚Ä¶,2018-11-06 20:12:46,Athulya Ravi
"RT @The_Great_JJ: Dance plus 4 ka 10th episode hotstar par kab add hoga? 
#DancePlus4 #hotstar",2018-11-06 20:02:18,jadav jayesh
"Dance plus 4 ka 10th episode hotstar par kab add hoga? 
#DancePlus4 #hotstar",2018-11-06 20:01:52,jadav jayesh
"Who Remembers this ? 
It's on @hotstartweets
#SmallWonder #Hotstar #nostalgia https://t.co/eNScxX027t",2018-11-06 18:17:56,Kush Vijay Vyas
"RT @s_adhiti: An #Arshilicious #KarvaChauth to all who are Fasting &amp; Celebrating üòçüíñ
#‡§ï‡§∞‡§µ‡§æ‡§ö‡•å‡§• üíû #HappyKarvaChauth 

Enjoy the ""Karva Chauth""‚Ä¶",2018-11-06 18:13:08,Lyubov
RT @athulyaslaves: @AthulyaOfficial Advance Happy Diwali #athulyafans #athulyaslaves #athulya #athulyaravi #hotstar #hotstarathulya #hot #h‚Ä¶,2018-11-06 16:30:00,ATHULYAISM
RT @athulyaslaves: @AthulyaOfficial #athulyaravi #hotstar #hotstarathulya #hot  #hotathulya  #thalaivi #sarkar #tollywood #kollywood #bolly‚Ä¶,2018-11-06 16:25:54,SMS ‡Æµ‡Æö‡Æ®‡Øç‡Æ§‡Æ©‡Øç
RT @athulyaslaves: @AthulyaOfficial #athulyaravi #hotstar #hotstarathulya #hot  #hotathulya  #thalaivi #sarkar #tollywood #kollywood #bolly‚Ä¶,2018-11-06 16:25:06,SMS ‡Æµ‡Æö‡Æ®‡Øç‡Æ§‡Æ©‡Øç
RT @athulyaslaves: @AthulyaOfficial #athulyaravi #hotstar #hotstarathulya #hot  #hotathulya  #thalaivi #sarkar #tollywood #kollywood #bolly‚Ä¶,2018-11-06 16:24:48,SMS ‡Æµ‡Æö‡Æ®‡Øç‡Æ§‡Æ©‡Øç
I started it from last T20 match and now I'm‚Äã completed all 5 @Dream11 coupons in #Hotstar and won total Rs 495 cas‚Ä¶ https://t.co/EU2uiQWPYl,2018-11-06 15:59:34,…¥ ô·¥Ä s·¥ò·¥á·¥Ñ…™·¥Ä ü…™s·¥õ‚õπÔ∏è
"Why are they playing JILLA TAAP LAAGELU..

comeon LKO..

Play something else.

#indvswi @bccitv  #hotstar‚Ä¶ https://t.co/RsNIbzzt2f",2018-11-06 15:48:07,Mazher Mahmood
RT @meeks991: #Watch #Sky #Sports #Live #IND v #WI #2nd #T20 #Live #Cricket #Match #Score #livestreaming #livescore #supersportslive #hotst‚Ä¶,2018-11-06 15:39:38,talkfootysoccer
@AthulyaOfficial #athulyaravi #hotstar #hotstarathulya #hot  #hotathulya  #thalaivi #sarkar #tollywood #kollywood‚Ä¶ https://t.co/hwPWMuJR6I,2018-11-06 14:10:48,Athulya ravi's slaves
@AthulyaOfficial #athulyaravi #hotstar #hotstarathulya #hot  #hotathulya  #thalaivi #sarkar #tollywood #kollywood‚Ä¶ https://t.co/23o4EWk3pL,2018-11-06 14:10:27,Athulya ravi's slaves
@AthulyaOfficial #athulyaravi #hotstar #hotstarathulya #hot  #hotathulya  #thalaivi #sarkar #tollywood #kollywood‚Ä¶ https://t.co/2nuAeiL3ig,2018-11-06 14:09:21,Athulya ravi's slaves
#Watch #Sky #Sports #Live #IND v #WI #2nd #T20 #Live #Cricket #Match #Score #livestreaming #livescore‚Ä¶ https://t.co/4POpWlrNSq,2018-11-06 13:48:08,ava
"RT @s_adhiti: Wishing All A Very Happy #ChotiDiwali üíñüí´‚ú®‚ö° 
 
#‡§õ‡•ã‡§ü‡•Ä‡§¶‡§ø‡§µ‡§æ‡§≤‡•Ä üí• #Diwali

#Sarun #ipkknd #Arhi
#BarunSobti #SanayaIrani #IssPyaarK‚Ä¶",2018-11-06 13:20:32,–û–õ–¨–ì–ê –¶–ê–†–ï–í–ê
"https://t.co/ZCspcrxHyL
Star Sports live streaming India vs West Indies 2nd T20 #starsports #hotstar #INDvWI‚Ä¶ https://t.co/BxciY4gp7l",2018-11-06 12:53:02,PanAsiaBiz
"RT @s_adhiti: Wishing All A Very Happy #ChotiDiwali üíñüí´‚ú®‚ö° 
 
#‡§õ‡•ã‡§ü‡•Ä‡§¶‡§ø‡§µ‡§æ‡§≤‡•Ä üí• #Diwali

#Sarun #ipkknd #Arhi
#BarunSobti #SanayaIrani #IssPyaarK‚Ä¶",2018-11-06 12:44:04,Arshisarunmumbaifan
"RT @s_adhiti: Wishing All A Very Happy #ChotiDiwali üíñüí´‚ú®‚ö° 
 
#‡§õ‡•ã‡§ü‡•Ä‡§¶‡§ø‡§µ‡§æ‡§≤‡•Ä üí• #Diwali

#Sarun #ipkknd #Arhi
#BarunSobti #SanayaIrani #IssPyaarK‚Ä¶",2018-11-06 12:26:07,Vindhya Sree
"RT @s_adhiti: Wishing All A Very Happy #ChotiDiwali üíñüí´‚ú®‚ö° 
 
#‡§õ‡•ã‡§ü‡•Ä‡§¶‡§ø‡§µ‡§æ‡§≤‡•Ä üí• #Diwali

#Sarun #ipkknd #Arhi
#BarunSobti #SanayaIrani #IssPyaarK‚Ä¶",2018-11-06 12:22:21,Lyubov
"RT @s_adhiti: Wishing All A Very Happy #ChotiDiwali üíñüí´‚ú®‚ö° 
 
#‡§õ‡•ã‡§ü‡•Ä‡§¶‡§ø‡§µ‡§æ‡§≤‡•Ä üí• #Diwali

#Sarun #ipkknd #Arhi
#BarunSobti #SanayaIrani #IssPyaarK‚Ä¶",2018-11-06 12:22:19,Gizem Ta≈ü
#hotstar #KoffeeWithAamir  pl send me the link,2018-11-06 12:02:06,Tina Shah Varma
"Wishing All A Very Happy #ChotiDiwali üíñüí´‚ú®‚ö° 
 
#‡§õ‡•ã‡§ü‡•Ä‡§¶‡§ø‡§µ‡§æ‡§≤‡•Ä üí• #Diwali

#Sarun #ipkknd #Arhi
#BarunSobti #SanayaIrani‚Ä¶ https://t.co/4QuCdbYoTS",2018-11-06 11:54:19,Adhiti ‚ù§ ArshiSarun
"RT @s_adhiti: Heartiest Greetings to all on this Auspicious Occasion of #Dhanteras #‡§ß‡§®‡§§‡•á‡§∞‡§∏üôè‚ú®üíñ

#Arshi #Sarun #ipkknd #RabbaVe

Enjoy #Arhi‚Ä¶",2018-11-06 11:09:17,Sravya_Maheshian üòç
Feeling very happy because one of my favorite show #KoffeeWithKaranSeason6 is back and watch it next day on Monday‚Ä¶ https://t.co/v8H16kz5O8,2018-11-06 10:42:31,Jaineil Ajmera
"‡¥ï‡µó‡¥∏‡µç‡¥§‡µÅ‡¥≠‡¥§‡µç‡¥§‡¥ø‡¥≤‡µÜ‡¥§‡µç‡¥§‡¥ø‡¥Ø ‡¥™‡µç‡¥∞‡¥ï‡¥æ‡¥∂‡¥®‡µÜ ‡¥§‡¥ø‡¥∞‡¥ø‡¥ö‡µç‡¥ö‡¥Ø‡¥ï‡µç‡¥ï‡¥æ‡µª ‡¥∂‡µç‡¥∞‡¥Æ‡¥ø‡¥ï‡µç‡¥ï‡µÅ‡¥®‡µç‡¥® ‡¥Ü‡¥¶‡¥ø. ‡¥®‡µÄ‡¥≤‡¥ï‡µç‡¥ï‡µÅ‡¥Ø‡¥ø‡µΩ - ‡¥á‡¥®‡µç‡¥®‡µç ‡¥∞‡¥æ‡¥§‡µç‡¥∞‡¥ø 7:30‡¥®‡µÅ ‡¥è‡¥∑‡µç‡¥Ø‡¥æ‡¥®‡µÜ‡¥±‡µç‡¥±‡¥ø‡µΩ  
Neelakk‚Ä¶ https://t.co/jigFoR3GAF",2018-11-06 10:30:20,Asianet
"‡¥ï‡¥∏‡µç‡¥§‡µÇ‡¥∞‡¥ø‡¥Æ‡¥æ‡µª - ‡¥á‡¥®‡µç‡¥®‡µç ‡¥∞‡¥æ‡¥§‡µç‡¥∞‡¥ø 8:30‡¥®‡µÅ ‡¥è‡¥∑‡µç‡¥Ø‡¥æ‡¥®‡µÜ‡¥±‡µç‡¥±‡¥ø‡µΩ.
Kasthooriman || Serial || Today at 8:30 PM || Asianet 
#Kasthooriman‚Ä¶ https://t.co/Fo1HRdq3Yh",2018-11-06 09:30:06,Asianet
‡¥ï‡µÅ‡¥û‡µç‡¥û‡¥ø‡¥®‡µÜ ‡¥ó‡¥æ‡¥Ø‡¥§‡µç‡¥∞‡¥ø‡¥ï‡µç‡¥ï‡µç ‡¥Æ‡¥æ‡¥§‡µç‡¥∞‡¥Æ‡¥æ‡¥Ø‡¥ø ‡¥µ‡¥ø‡¥ü‡µç‡¥ü‡µÅ‡¥ï‡µä‡¥ü‡µÅ‡¥ï‡µç‡¥ï‡¥æ‡µª ‡¥¨‡¥æ‡¥≤ ‡¥§‡¥Ø‡µç‡¥Ø‡¥æ‡¥±‡¥æ‡¥ï‡µÅ‡¥Æ‡µã? ‡¥ï‡¥±‡µÅ‡¥§‡µç‡¥§‡¥Æ‡µÅ‡¥§‡µç‡¥§‡µç - ‡¥á‡¥®‡µç‡¥®‡µç ‡¥∞‡¥æ‡¥§‡µç‡¥∞‡¥ø 8 ‡¥Æ‡¥£‡¥ø‡¥ï‡µç‡¥ï‡µç ‡¥è‡¥∑‡µç‡¥Ø‡¥æ‡¥®‡µÜ‡¥±‡µç‡¥±‡¥ø‡µΩ.‚Ä¶ https://t.co/bnrsmY6h4u,2018-11-06 07:30:23,Asianet
"‡¥≠‡¥æ‡¥∞‡µç‡¥Ø - ‡¥á‡¥®‡µç‡¥®‡µç ‡¥µ‡µà‡¥ï‡µÅ‡¥®‡µç‡¥®‡µá‡¥∞‡¥Ç 6:30‡¥®‡µÅ ‡¥è‡¥∑‡µç‡¥Ø‡¥æ‡¥®‡µÜ‡¥±‡µç‡¥±‡¥ø‡µΩ.
Bharya || Serial || Today at 6:30 PM || Asianet 
#Bharya #Hotstar‚Ä¶ https://t.co/aTHENNokIO",2018-11-06 06:30:35,Asianet
"RT @s_adhiti: Heartiest Greetings to all on this Auspicious Occasion of #Dhanteras #‡§ß‡§®‡§§‡•á‡§∞‡§∏üôè‚ú®üíñ

#Arshi #Sarun #ipkknd #RabbaVe

Enjoy #Arhi‚Ä¶",2018-11-06 06:02:19,Fairy Tale (Almas)
"‡¥µ‡¥æ‡¥®‡¥Æ‡µç‡¥™‡¥æ‡¥ü‡¥ø ‡¥Ö‡¥™‡µç‡¥∞‡¥§‡µÄ‡¥ï‡µç‡¥∑‡¥ø‡¥§‡¥Æ‡¥æ‡¥Ø ‡¥µ‡¥¥‡¥ø‡¥§‡µç‡¥§‡¥ø‡¥∞‡¥ø‡¥µ‡¥ø‡¥≤‡µá‡¥ï‡µç‡¥ï‡µç. ‡¥á‡¥®‡µç‡¥®‡µç ‡¥∞‡¥æ‡¥§‡µç‡¥∞‡¥ø 7 ‡¥Æ‡¥£‡¥ø‡¥ï‡µç‡¥ï‡µç ‡¥è‡¥∑‡µç‡¥Ø‡¥æ‡¥®‡µÜ‡¥±‡µç‡¥±‡¥ø‡µΩ.
Vanambadi || Serial || Today at 7‚Ä¶ https://t.co/L7yz8PBR0E",2018-11-06 05:30:04,Asianet
@AthulyaOfficial Advance Happy Diwali #athulyafans #athulyaslaves #athulya #athulyaravi #hotstar #hotstarathulya‚Ä¶ https://t.co/7w0B9fOoTN,2018-11-06 04:27:15,Athulya ravi's slaves
"RT @s_adhiti: Heartiest Greetings to all on this Auspicious Occasion of #Dhanteras #‡§ß‡§®‡§§‡•á‡§∞‡§∏üôè‚ú®üíñ

#Arshi #Sarun #ipkknd #RabbaVe

Enjoy #Arhi‚Ä¶",2018-11-06 02:18:22,Karuna Jambhulkar
RT @Mirabell0: Hey friends! A quick question about hotstar subscription the US. Are IPKKND and Mahabharat available with this subscription?‚Ä¶,2018-11-05 21:28:42,Mirabell
Hey friends! A quick question about hotstar subscription the US. Are IPKKND and Mahabharat available with this subs‚Ä¶ https://t.co/dyJXU8MJoz,2018-11-05 19:29:14,Mirabell
@IndSuperLeague @hotstartweets @StarFootball ecstatic to see more than 60 K is watching #Indiansuperleague on #Hotstar  ... Great,2018-11-05 19:07:50,Soumen Bera
"RT @sudiparannaghor: Was watching #KoffeeWithKaran on #Hotstar tonite,but a strange thing happened. Whenever @karanjohar is saying ‚ÄúOk! Goo‚Ä¶",2018-11-05 18:24:48,Dhrubajyoti
"RT @sudiparannaghor: Was watching #KoffeeWithKaran on #Hotstar tonite,but a strange thing happened. Whenever @karanjohar is saying ‚ÄúOk! Goo‚Ä¶",2018-11-05 17:51:39,Pinaki Das
RT @Amandee29199387: Heard a lot abt #Ishqbaaaz so finally started watching it from 1st episode on #hotstar loving the fight chemistry b/w‚Ä¶,2018-11-05 17:35:59,Arya Raju
"Was watching #KoffeeWithKaran on #Hotstar tonite,but a strange thing happened. Whenever @karanjohar is saying ‚ÄúOk!‚Ä¶ https://t.co/FZX7qvQVSA",2018-11-05 16:51:07,Sudipa Chatterjee
"#Hotstar Koffee with Karan Season 6 Aamir Khan Full Episode 3 Watch Online Video 4th Nov 2018
#KoffeeWithAamir‚Ä¶ https://t.co/8pofSwUxxn",2018-11-05 16:31:38,Dekh News
"‡Æé‡Æ§‡Øà ‡Æö‡ØÜ‡Æ≤‡Æï‡Øç‡Æü‡Øç ‡Æö‡ØÜ‡ÆØ‡Øç‡ÆØ‡Æ≤‡Ææ‡ÆÆ‡Øç ‡Æπ‡Ææ‡Æü‡Øç ‡Æ∏‡Øç‡Æü‡Ææ‡Æ∞‡Ææ ‡ÆÖ‡ÆÆ‡Øá‡Æö‡Ææ‡Æ©‡Øç ‡Æ™‡Øç‡Æ∞‡Øà‡ÆÆ‡Øç ‡Æµ‡ØÄ‡Æü‡Æø‡ÆØ‡Øã‡Æµ‡Ææ 
#hotstar #amazonprimevideo https://t.co/CNaJNL9fFh",2018-11-05 16:11:29,Techy Hunter
"RT @s_adhiti: Heartiest Greetings to all on this Auspicious Occasion of #Dhanteras #‡§ß‡§®‡§§‡•á‡§∞‡§∏üôè‚ú®üíñ

#Arshi #Sarun #ipkknd #RabbaVe

Enjoy #Arhi‚Ä¶",2018-11-05 16:07:01,C–≤–µ—Ç–∏–∫ –ë–∞—à–Ω—è–∫
"RT @s_adhiti: Heartiest Greetings to all on this Auspicious Occasion of #Dhanteras #‡§ß‡§®‡§§‡•á‡§∞‡§∏üôè‚ú®üíñ

#Arshi #Sarun #ipkknd #RabbaVe

Enjoy #Arhi‚Ä¶",2018-11-05 15:27:36,–û–õ–¨–ì–ê –¶–ê–†–ï–í–ê
RT @athulyaslaves: Advance Happy Diwali #athulyafans #athulyaslaves #athulya #athulyaravi #hotstar #hotstarathulya #hot #hotathulya #tamila‚Ä¶,2018-11-05 15:19:24,A T H U L Y A  ravi's S L A V E
RT @athulyaslaves: @AthulyaOfficial Advance Happy Diwali #athulyafans #athulyaslaves #athulya #athulyaravi #hotstar #hotstarathulya #hot #h‚Ä¶,2018-11-05 15:19:23,A T H U L Y A  ravi's S L A V E
Advance Happy Diwali #athulyafans #athulyaslaves #athulya #athulyaravi #hotstar #hotstarathulya #hot #hotathulya‚Ä¶ https://t.co/F7BbwUfOY1,2018-11-05 15:11:44,Athulya ravi's slaves
"RT @s_adhiti: Heartiest Greetings to all on this Auspicious Occasion of #Dhanteras #‡§ß‡§®‡§§‡•á‡§∞‡§∏üôè‚ú®üíñ

#Arshi #Sarun #ipkknd #RabbaVe

Enjoy #Arhi‚Ä¶",2018-11-05 15:08:02,elena ufimova
"RT @s_adhiti: Heartiest Greetings to all on this Auspicious Occasion of #Dhanteras #‡§ß‡§®‡§§‡•á‡§∞‡§∏üôè‚ú®üíñ

#Arshi #Sarun #ipkknd #RabbaVe

Enjoy #Arhi‚Ä¶",2018-11-05 14:52:53,Karu
"@hotstar_helps 
#Hotstar .....episode is already uploaded #KasautiiZindagiiKay2 #KasautiiZindagiiKay 

But it isn't‚Ä¶ https://t.co/T7fm8T00Aj",2018-11-05 13:47:24,‚ô•BeHir'AdiYa'JenShad'Parth‚ô•Ô∏èüòòüòç
‡¥™‡¥§‡µç‡¥∞‡¥∏‡¥Æ‡µç‡¥Æ‡µá‡¥≥‡¥®‡¥§‡µç‡¥§‡¥ø‡¥®‡µä‡¥∞‡µÅ‡¥ô‡µç‡¥ô‡¥ø ‡¥∏‡µÄ‡¥§‡¥Ø‡µÅ‡¥Ç ‡¥∏‡µç‡¥µ‡¥æ‡¥§‡¥ø‡¥Ø‡µÅ‡¥Ç. ‡¥®‡¥ø‡µº‡¥£‡¥æ‡¥Ø‡¥ï‡¥®‡¥ø‡¥Æ‡¥ø‡¥∑‡¥ô‡µç‡¥ô‡¥≥‡¥ø‡¥≤‡µÇ‡¥ü‡µÜ ‡¥∏‡µÄ‡¥§‡¥æ ‡¥ï‡¥≤‡µç‡¥Ø‡¥æ‡¥£‡¥Ç - ‡¥á‡¥®‡µç‡¥®‡µç ‡¥∞‡¥æ‡¥§‡µç‡¥∞‡¥ø 9 ‡¥Æ‡¥£‡¥ø‡¥ï‡µç‡¥ï‡µç ‡¥è‡¥∑‡µç‡¥Ø‡¥æ‡¥®‡µÜ‡¥±‡µç‡¥±‡¥ø‡µΩ.‚Ä¶ https://t.co/1cavBB3Z6f,2018-11-05 12:30:11,Asianet
"RT @s_adhiti: Heartiest Greetings to all on this Auspicious Occasion of #Dhanteras #‡§ß‡§®‡§§‡•á‡§∞‡§∏üôè‚ú®üíñ

#Arshi #Sarun #ipkknd #RabbaVe

Enjoy #Arhi‚Ä¶",2018-11-05 12:11:56,Rupam Sinha ‚ù§Ô∏è Sarun üáÆüá≥üáÆüá≥
"RT @s_adhiti: Heartiest Greetings to all on this Auspicious Occasion of #Dhanteras #‡§ß‡§®‡§§‡•á‡§∞‡§∏üôè‚ú®üíñ

#Arshi #Sarun #ipkknd #RabbaVe

Enjoy #Arhi‚Ä¶",2018-11-05 12:09:10,Olga
RT @Amandee29199387: Heard a lot abt #Ishqbaaaz so finally started watching it from 1st episode on #hotstar loving the fight chemistry b/w‚Ä¶,2018-11-05 11:45:31,Parul~ ITA2018 üå∏üíû
"Ishita tortured by police , Raman angry young man avatar in Yeh Hai Mohabbatein https://t.co/K4cKbBX2ro #hotstar",2018-11-05 10:54:59,Telly Focus
"RT @s_adhiti: Heartiest Greetings to all on this Auspicious Occasion of #Dhanteras #‡§ß‡§®‡§§‡•á‡§∞‡§∏üôè‚ú®üíñ

#Arshi #Sarun #ipkknd #RabbaVe

Enjoy #Arhi‚Ä¶",2018-11-05 10:30:24,Vindhya Sree
‡¥®‡¥ø‡¥∞‡¥™‡¥∞‡¥æ‡¥ß‡¥ø‡¥Ø‡¥æ‡¥Ø ‡¥ï‡¥∏‡µç‡¥§‡µÇ‡¥∞‡¥ø‡¥Ø‡µÜ ‡¥ï‡µÅ‡¥±‡µç‡¥±‡¥Ç‡¥ö‡¥æ‡µº‡¥§‡µç‡¥§‡¥ø ‡¥ï‡µó‡¥∏‡µç‡¥§‡µÅ‡¥≠‡¥§‡µç‡¥§‡¥ø‡µΩ ‡¥®‡¥ø‡¥®‡µç‡¥®‡µÅ‡¥Ç ‡¥™‡µÅ‡¥±‡¥§‡µç‡¥§‡¥æ‡¥ï‡µç‡¥ï‡µÅ‡¥®‡µç‡¥®‡µÅ. ‡¥®‡µÄ‡¥≤‡¥ï‡µç‡¥ï‡µÅ‡¥Ø‡¥ø‡µΩ - ‡¥á‡¥®‡µç‡¥®‡µç ‡¥∞‡¥æ‡¥§‡µç‡¥∞‡¥ø 7:30‡¥®‡µÅ ‡¥è‡¥∑‡µç‡¥Ø‡¥æ‡¥®‡µÜ‚Ä¶ https://t.co/27b6SAtQGR,2018-11-05 10:30:20,Asianet
RT @Amandee29199387: Heard a lot abt #Ishqbaaaz so finally started watching it from 1st episode on #hotstar loving the fight chemistry b/w‚Ä¶,2018-11-05 10:22:43,Jyotsana||Shivika||Avta||Ita2K18üíöEk-Liner‚úã
"RT @s_adhiti: Heartiest Greetings to all on this Auspicious Occasion of #Dhanteras #‡§ß‡§®‡§§‡•á‡§∞‡§∏üôè‚ú®üíñ

#Arshi #Sarun #ipkknd #RabbaVe

Enjoy #Arhi‚Ä¶",2018-11-05 10:22:33,arnavbarunpr
RT @Amandee29199387: Heard a lot abt #Ishqbaaaz so finally started watching it from 1st episode on #hotstar loving the fight chemistry b/w‚Ä¶,2018-11-05 10:13:42,üÖ∞liShüÖ∞ üíÅ(TOXIC)
"RT @s_adhiti: Heartiest Greetings to all on this Auspicious Occasion of #Dhanteras #‡§ß‡§®‡§§‡•á‡§∞‡§∏üôè‚ú®üíñ

#Arshi #Sarun #ipkknd #RabbaVe

Enjoy #Arhi‚Ä¶",2018-11-05 10:11:43,Lyubov
"RT @s_adhiti: Heartiest Greetings to all on this Auspicious Occasion of #Dhanteras #‡§ß‡§®‡§§‡•á‡§∞‡§∏üôè‚ú®üíñ

#Arshi #Sarun #ipkknd #RabbaVe

Enjoy #Arhi‚Ä¶",2018-11-05 10:04:26,Arshisarunmumbaifan
RT @Amandee29199387: Heard a lot abt #Ishqbaaaz so finally started watching it from 1st episode on #hotstar loving the fight chemistry b/w‚Ä¶,2018-11-05 10:04:11,myfavshivika
"RT @s_adhiti: Heartiest Greetings to all on this Auspicious Occasion of #Dhanteras #‡§ß‡§®‡§§‡•á‡§∞‡§∏üôè‚ú®üíñ

#Arshi #Sarun #ipkknd #RabbaVe

Enjoy #Arhi‚Ä¶",2018-11-05 09:59:21,Gizem Ta≈ü
"Heartiest Greetings to all on this Auspicious Occasion of #Dhanteras #‡§ß‡§®‡§§‡•á‡§∞‡§∏üôè‚ú®üíñ

#Arshi #Sarun #ipkknd #RabbaVe

En‚Ä¶ https://t.co/Aur2p52Jvu",2018-11-05 09:51:41,Adhiti ‚ù§ ArshiSarun
@HotstarPremium Please put your excitement on hold and fix your platform first because only good content does not e‚Ä¶ https://t.co/qiUKDQLSV1,2018-11-05 09:43:53,Pankti Bindal
"‡¥™‡µç‡¥∞‡¥§‡¥ø‡¥Ø‡µã‡¥ó‡¥ø‡¥ï‡¥≥‡µÜ ‡¥®‡µá‡¥∞‡¥ø‡¥ü‡¥æ‡¥®‡µÅ‡¥±‡¥ö‡µç‡¥ö‡µç ‡¥ï‡¥æ‡¥µ‡µç‡¥Ø‡¥Ø‡µÅ‡¥ü‡µÜ ‡¥∏‡µç‡¥µ‡¥®‡µç‡¥§‡¥Ç ‡¥ï‡¥£‡µç‡¥£‡µá‡¥ü‡µç‡¥ü‡µª. ‡¥ï‡¥∏‡µç‡¥§‡µÇ‡¥∞‡¥ø‡¥Æ‡¥æ‡µª - ‡¥á‡¥®‡µç‡¥®‡µç ‡¥∞‡¥æ‡¥§‡µç‡¥∞‡¥ø 8:30‡¥®‡µÅ ‡¥è‡¥∑‡µç‡¥Ø‡¥æ‡¥®‡µÜ‡¥±‡µç‡¥±‡¥ø‡µΩ.
Kasthooriman‚Ä¶ https://t.co/nikYmhKnQQ",2018-11-05 09:30:09,Asianet
RT @Amandee29199387: Heard a lot abt #Ishqbaaaz so finally started watching it from 1st episode on #hotstar loving the fight chemistry b/w‚Ä¶,2018-11-05 09:15:59,Anju Varghese
Heard a lot abt #Ishqbaaaz so finally started watching it from 1st episode on #hotstar loving the fight chemistry b‚Ä¶ https://t.co/pcuYPQ2CZ5,2018-11-05 08:33:40,Amandeep Kaur
‡¥∂‡¥§‡µç‡¥∞‡µÅ‡¥ï‡µç‡¥ï‡¥≥‡µÅ‡¥ü‡µÜ ‡¥ï‡µÅ‡¥§‡¥®‡µç‡¥§‡µç‡¥∞‡¥ô‡µç‡¥ô‡µæ ‡¥∏‡µç‡¥®‡µá‡¥π‡¥Ç‡¥ï‡µä‡¥£‡µç‡¥ü‡µç ‡¥Ö‡¥§‡¥ø‡¥ú‡µÄ‡¥µ‡¥ø‡¥ï‡µç‡¥ï‡¥æ‡¥®‡¥æ‡¥ï‡µÅ‡¥Æ‡µã ‡¥à ‡¥∏‡¥π‡µã‡¥¶‡¥∞‡¥ô‡µç‡¥ô‡µæ‡¥ï‡µç‡¥ï‡µç. ‡¥ï‡¥±‡µÅ‡¥§‡µç‡¥§‡¥Æ‡µÅ‡¥§‡µç‡¥§‡µç - ‡¥§‡¥ø‡¥ô‡µç‡¥ï‡µæ ‡¥Æ‡µÅ‡¥§‡µΩ ‡¥∂‡¥®‡¥ø ‡¥µ‡¥∞‡µÜ ‡¥∞‡¥æ‡¥§‡µç‡¥∞‡¥ø‚Ä¶ https://t.co/3EGr4tqxlY,2018-11-05 07:30:07,Asianet
"‡¥≠‡¥æ‡¥∞‡µç‡¥Ø - ‡¥§‡¥ø‡¥ô‡µç‡¥ï‡µæ ‡¥Æ‡µÅ‡¥§‡µΩ ‡¥µ‡µÜ‡¥≥‡µç‡¥≥‡¥ø ‡¥µ‡¥∞‡µÜ ‡¥µ‡µà‡¥ï‡µÅ‡¥®‡µç‡¥®‡µá‡¥∞‡¥Ç 6:30‡¥®‡µÅ ‡¥è‡¥∑‡µç‡¥Ø‡¥æ‡¥®‡µÜ‡¥±‡µç‡¥±‡¥ø‡µΩ.
Bharya || Serial || Today at 6:30 PM || Asianet‚Ä¶ https://t.co/TXRMDnmpPo",2018-11-05 06:30:29,Asianet
@AthulyaOfficial Advance Happy Diwali #athulyafans #athulyaslaves #athulya #athulyaravi #hotstar #hotstarathulya‚Ä¶ https://t.co/YHeIhRSbXf,2018-11-05 06:15:08,Athulya ravi's slaves
"A child who was abused by parents grows up into an adult who has to deal with PTSDs hiding behind drugs, sex and de‚Ä¶ https://t.co/xP36TNixgX",2018-11-05 02:03:33,Binduu
"Milagrow Robots Wishing You a Very Happy Birthday ‚Äã#ViratKohli @imVkohli
#Cricket #BCCI #Cricbuzz #ESPNcricinfo‚Ä¶ https://t.co/WdKj2qVGxl",2018-11-04 23:30:01,Milagrow Robots
@ZEE5India @ZeeTV Uninstalled #ZEE5 app from my Mobile as well as from my Android Box. Keep your Premium tag for al‚Ä¶ https://t.co/Ah3jOW5Oqx,2018-11-04 19:08:37,Vinu Varghese M
"Disappointed with @hotstarUK 
1. Weak in content
2. Unnecessary censorship of content (cuts / mutes)
2. Basic featu‚Ä¶ https://t.co/Kogi9TYhto",2018-11-04 18:33:24,Abhiram
I loved watching #Magriet on #hotstar...anyone else?,2018-11-04 18:14:23,Liz
RT @athulyaslaves: @AthulyaOfficial #athulyafans #athulyaslaves #athulya #athulyaravi #hotstar #hotstarathulya #hot #hotathulya #tamilactre‚Ä¶,2018-11-04 18:11:27,A T H U L Y A  ravi's S L A V E
RT @athulyaslaves: @AthulyaOfficial #athulyafans #athulyaslaves #athulya #athulyaravi #hotstar #hotstarathulya #hot #hotathulya #tamilactre‚Ä¶,2018-11-04 18:09:58,A T H U L Y A  ravi's S L A V E
"It's 10:28 and still India need 27 runs to winüòÇüòÇüòÇüòÇüòÇ üòÇüòÇüòÇ
Wah hotstar wah
#NerolacCricketLive #hotstar #jatinsapru‚Ä¶ https://t.co/igp5jvlj1s",2018-11-04 17:06:21,pradipsinh rana
"@hotstar_helps This is turning out to be a mockery of live streaming #Hotstar; if you can't do it, please don't bit‚Ä¶ https://t.co/gIYEsM3Jwr",2018-11-04 16:14:23,R K V
"#StarParivaarAwards Trending on #2 in India Trends!üéäüéâüéäüòçüòç
Can't wait to watch it on #Hotstar https://t.co/a0zSbsALaJ",2018-11-04 15:43:31,Gazalpreet Kaur
"@StarSportsIndia wtf? Not able to watch #INDvWI on #AirtelTVApp 
#Hotstar asks for subscription 
????",2018-11-04 14:09:27,ü§ê
@Videocon_d2h Ended up watching the whole #INDvWI ODI series on @hotstartweets You still didn't resolve this issue‚Ä¶ https://t.co/2wCD23z3z9,2018-11-04 13:44:46,Prasad Pai
"RT @Ankitachirps: ‡¶∂‡ßÅ‡¶≠ ‡¶ú‡¶®‡ßç‡¶Æ‡¶¶‡¶ø‡¶® '‡¶¨‡ßã‡¶ù‡ßá‡¶®‡¶æ ‡¶∏‡ßá ‡¶¨‡ßã‡¶ù‡ßá‡¶®‡¶æ' ‡•§‡¶Ü‡¶ú ‡¶•‡ßá‡¶ï‡ßá 5 ‡¶¨‡¶õ‡¶∞ ‡¶Ü‡¶ó‡ßá ‡¶Ü‡¶Æ‡¶∞‡¶æ ‡¶™‡ßç‡¶∞‡¶§‡ßç‡¶Ø‡ßá‡¶ï‡ßá‡¶á ‡¶è‡¶ï‡¶ü‡¶æ ‡¶â‡¶™‡¶π‡¶æ‡¶∞ ‡¶™‡ßá‡¶Ø‡¶º‡ßá‡¶õ‡¶ø‡¶≤‡¶æ‡¶Æ, ‡¶Ø‡ßá‡¶ü‡¶æ ‡¶õ‡¶ø‡¶≤ ‡¶Ö‡¶Æ‡ßÇ‡¶≤‡ßç‡¶Ø ‡¶∏‡¶Æ‡ßç‡¶™‡¶¶‡•§ ‡¶è‡¶ï‡¶ü‡¶æ ‡¶∏‡¶Æ‡¶Ø‡¶º‚Ä¶",2018-11-04 13:35:55,Yashian khusi #Taxi driver
#Netflix Full HD seems like 44K compared to #Hotstar Full HD.,2018-11-04 12:59:34,Amal Gupta
"RT @Ankitachirps: ‡¶∂‡ßÅ‡¶≠ ‡¶ú‡¶®‡ßç‡¶Æ‡¶¶‡¶ø‡¶® '‡¶¨‡ßã‡¶ù‡ßá‡¶®‡¶æ ‡¶∏‡ßá ‡¶¨‡ßã‡¶ù‡ßá‡¶®‡¶æ' ‡•§‡¶Ü‡¶ú ‡¶•‡ßá‡¶ï‡ßá 5 ‡¶¨‡¶õ‡¶∞ ‡¶Ü‡¶ó‡ßá ‡¶Ü‡¶Æ‡¶∞‡¶æ ‡¶™‡ßç‡¶∞‡¶§‡ßç‡¶Ø‡ßá‡¶ï‡ßá‡¶á ‡¶è‡¶ï‡¶ü‡¶æ ‡¶â‡¶™‡¶π‡¶æ‡¶∞ ‡¶™‡ßá‡¶Ø‡¶º‡ßá‡¶õ‡¶ø‡¶≤‡¶æ‡¶Æ, ‡¶Ø‡ßá‡¶ü‡¶æ ‡¶õ‡¶ø‡¶≤ ‡¶Ö‡¶Æ‡ßÇ‡¶≤‡ßç‡¶Ø ‡¶∏‡¶Æ‡ßç‡¶™‡¶¶‡•§ ‡¶è‡¶ï‡¶ü‡¶æ ‡¶∏‡¶Æ‡¶Ø‡¶º‚Ä¶",2018-11-04 08:07:31,Tanuüê¶
@ap_pune I am going cord cutting. Got subscription to #Netflix #Hotstar and #amazonprimevideo and it‚Äôs all sorted.‚Ä¶ https://t.co/XWScE3yvvM,2018-11-04 07:38:13,Rushabh
"Guys you can downlad #hotstar videos from any version of #videoder All you need is Es File Explorer. Use that app,‚Ä¶ https://t.co/s6tnZNYL3f",2018-11-04 07:06:17,Afreen
"RT @Ankitachirps: ‡¶∂‡ßÅ‡¶≠ ‡¶ú‡¶®‡ßç‡¶Æ‡¶¶‡¶ø‡¶® '‡¶¨‡ßã‡¶ù‡ßá‡¶®‡¶æ ‡¶∏‡ßá ‡¶¨‡ßã‡¶ù‡ßá‡¶®‡¶æ' ‡•§‡¶Ü‡¶ú ‡¶•‡ßá‡¶ï‡ßá 5 ‡¶¨‡¶õ‡¶∞ ‡¶Ü‡¶ó‡ßá ‡¶Ü‡¶Æ‡¶∞‡¶æ ‡¶™‡ßç‡¶∞‡¶§‡ßç‡¶Ø‡ßá‡¶ï‡ßá‡¶á ‡¶è‡¶ï‡¶ü‡¶æ ‡¶â‡¶™‡¶π‡¶æ‡¶∞ ‡¶™‡ßá‡¶Ø‡¶º‡ßá‡¶õ‡¶ø‡¶≤‡¶æ‡¶Æ, ‡¶Ø‡ßá‡¶ü‡¶æ ‡¶õ‡¶ø‡¶≤ ‡¶Ö‡¶Æ‡ßÇ‡¶≤‡ßç‡¶Ø ‡¶∏‡¶Æ‡ßç‡¶™‡¶¶‡•§ ‡¶è‡¶ï‡¶ü‡¶æ ‡¶∏‡¶Æ‡¶Ø‡¶º‚Ä¶",2018-11-04 04:22:04,sima islam
